Document_ID,Abstract,Participants,Interventions,Outcomes,Gold_Participants,Gold_Interventions,Gold_Outcomes
10070173,Comparison of budesonide Turbuhaler with budesonide aqua in the treatment of seasonal allergic rhinitis . Rhinocort Study Group . OBJECTIVE To compare the effect of budesonide Turbuhaler 400 microg/day with budesonide aqua 256 microg/day in the treatment of seasonal allergic rhinitis ( SAR ) . Secondarily to ascertain patients ' preferences for the two nasal devices and to assess quality of life . ...,seasonal allergic rhinitis | seasonal allergic rhinitis ( SAR ) | Two hundred and eighty-four | SAR,budesonide Turbuhaler | budesonide aqua | budesonide | Turbuhaler | aqua,Mean daily nasal symptom scores | eye symptoms | nasal | epistaxis and headache | unpleasant taste | nasal irritation | quality of life | safe,seasonal allergic rhinitis . | Two hundred and eighty-four out-patients | SAR | symptomatic during the ragweed season | 243 | SAR .,budesonide Turbuhaler | budesonide aqua | budesonide Turbuhaler | budesonide aqua | budesonide . | Turbuhaler | Turbuhaler | aqua spray | budesonide aqua | budesonide Turbuhaler | budesonide powder | Turbuhaler | aqua,patients ' preferences | quality of life . | Mean daily nasal symptom scores | eye symptoms . | nasal and non-nasal adverse events | epistaxis | headache . | nasal irritation | quality of life | safe | efficacious
10390665,"Anti-emetic efficacy of prophylactic granisetron compared with perphenazine for the prevention of post-operative vomiting in children . We have compared the efficacy of granisetron with perphenazine in the prevention of vomiting after tonsillectomy with or without adenoidectomy in children . In a prospective , randomized , double-blind study , 90 paediatric patients , ASA I , aged 4-10 years , rec ...",children | 90 paediatric | aged 4-10 years,granisetron | perphenazine | granisetron 40 | perphenazine 70,Anti-emetic efficacy | post-operative | complete response | no emesis | clinically serious adverse events,children . | tonsillectomy with or without adenoidectomy | children | 90 paediatric patients | ASA I | aged 4-10 years | children undergoing general anaesthesia for tonsillectomy,granisetron | perphenazine | granisetron | perphenazine | granisetron | perphenazine | granisetron | perphenazine | granisetron | perphenazine,"Anti-emetic efficacy | prevention | efficacy | complete response , defined as no emesis with no need for another rescue antiemetic | corresponding incidence | adverse events | long-term prevention | post-operative vomiting"
10475150,"The role of somatostatin ( octreotide ) in the regulation of melatonin secretion in healthy volunteers and in patients with primary hypothyroidism . Somatostatin has been found in the pineal gland of several animal species , which suggests that it may be involved in the regulation of melatonin secretion . Whether somatostatin has regulatory influence on melatonin secretion in man has never been un ...",healthy volunteers | primary hypothyroidism | 8 healthy volunteers | 6 women,somatostatin ( octreotide ) | saline | octreotide ( Sandostatin | octreotide,melatonin secretion | urinary excretion of melatonin | GH secretion | nocturnal melatonin secretion | total nocturnal secretion of TSH,healthy volunteers and in patients with primary hypothyroidism . | 8 healthy volunteers | 6 women | untreated primary hypothyroidism | healthy volunteers | patients with hypothyroidism | normal subjects and in patients with primary hypothyroidism,somatostatin ( octreotide ) | Somatostatin | somatostatin | saline | octreotide ( Sandostatin ; | octreotide | saline . | octreotide | octreotide | saline ; | octreotide | saline . | octreotide | octreotide | saline ; | octreotide | somatostatin . | somatostatin | octreotide | somatostatin,melatonin secretion | melatonin secretion . | melatonin secretion | nocturnal melatonin secretion | melatonin secretion | urinary excretion of melatonin | GH secretion | nocturnal melatonin secretion | Urinary excretion of melatonin | total nocturnal secretion of TSH | nocturnal secretion and urinary excretion of melatonin
10578479,"Effects of soy intake on sex hormone metabolism in premenopausal women . Studies suggest that phytoestrogens in soy products may impart hormonal effects that protect women against breast cancer . Limited research suggests that intake of soy products high in isoflavonoid phytoestrogens affects sex hormone metabolism , but it is unknown whether phytoestrogens in soy have any effect on menstrual func ...",premenopausal women | 36 premenopausal women | 20,soy intake | soy | soy products | normal diet | soy beverage containing,"sex hormone metabolism | serum estrone , estradiol , sex hormone-binding globulin , dehydroepiandrosterone sulfate , prolactin , or progesterone concentrations | menstrual cycle length | urinary estrogen metabolite ratio of 2-hydroxyestrone to 16 alpha-hydroxyestrone | Levels of urinary estrogen metabolites | menstrual cycle | serum sex hormones | urinary estrogen metabolite ratio",premenopausal women . | 36 premenopausal women | 20 | used OC | premenopausal OC | non-OC users .,soy | soy | soy | soy | soy beverage | soy | soy,"sex hormone metabolism | sex hormone metabolism | serum estrone , estradiol , sex hormone-binding globulin , dehydroepiandrosterone sulfate , prolactin , or progesterone concentrations | menstrual cycle length or the urinary estrogen metabolite ratio of 2-hydroxyestrone to 16 alpha-hydroxyestrone | urinary estrogen metabolites | menstrual cycle , serum sex hormones , or urinary estrogen metabolite ratio"
10589810,"Clinical effects of root instrumentation using conventional steel or non-tooth substance removing plastic curettes during supportive periodontal therapy ( SPT ) . Although root instrumentation has been accepted as the most important cause-related treatment of periodontal diseases , repeated scaling and root planing may over time result in substantive loss of tooth substance and increased sensitivi ...",40 | 20,root instrumentation | conventional steel | root instrumentation using plastic curettes | conventional steel curettes | active peridontal therapy | supportive periodontal care visit ( SPT ) | plastic curettes,bleeding on probing ( BOP ) and | probing pocket depth ( PPD ) | BOP percentage | BOP and | PPD,40 subjects | 20 | 20,plastic curettes | conventional steel curettes | conventional steel curettes | plastic curettes | non-root substance removing curettes,Clinical effects | clinical effects | bleeding on probing ( BOP ) and probing pocket depth ( PPD ) | BOP percentage | BOP and PPD | BOP percentage | BOP | BOP
10763172,[ Improving wound healing after nose surgery by combined administration of xylometazoline and dexpanthenol ] . BACKGROUND The aim of this study was the examination of efficacy and tolerability of an application-form of the new combination of Xylometazoline with Dexpanthenol ( Nasic ) versus Xylometazoline alone . PATIENTS AND METHODS Randomized verum controlled parallel-group-comparison of two wee ...,61 | Rhinitis,xylometazoline and | dexpanthenol | Xylometazoline with Dexpanthenol ( Nasic ) | Xylometazoline alone | nasal-spray | verum | placebo | Xylometazoline-Dexpanthenol nasal-spray | Xylometazoline nasal spray | Xylometazoline-Dexpanthenol | Xylometazoline,wound healing | efficacy | nasal-breathing-resistance | tolerability,after nose surgery | 61 inpatients with the diagnosis Rhinitis following nasal operation | patients following nasal operations | rhinitis following nasal operation,xylometazoline | dexpanthenol ] | Xylometazoline | Dexpanthenol ( Nasic ) | Xylometazoline | verum | placebo | Xylometazoline-Dexpanthenol | Xylometazoline | Xylometazoline-Dexpanthenol | Xylometazoline,wound healing | efficacy | tolerability | nasal-breathing-resistance according to scores | efficacy | tolerability | compliance | improvement | efficacy | tolerability
10764172,"Intrathecal morphine suppresses NK cell activity following abdominal surgery . PURPOSE The effects of morphine on natural killer ( NK ) cell activity were investigated in patients who underwent hysterectomy . METHODS Forty patients were divided into four groups of ten . The groups received intrathecal 0.5 mg morphine ( Group IT0.5 ) , intrathecal 0.1 mg morphine ( Group IT0.1 ) or 10 mg morphine i ...",hysterectomy | Forty,Intrathecal | morphine | intrathecal 0.5 mg morphine | intrathecal 0.1 mg morphine | inhalation anesthesia alone,NK | blood NK cell activity | postoperative pain score | side effects | NK cell activity | NK cell activities | plasma adrenaline nor noradrenaline concentrations | plasma cortisol levels | pain score,underwent hysterectomy | Forty patients were divided into four groups of ten .,morphine | morphine | morphine | morphine | morphine | morphine,NK cell activity | natural killer ( NK ) cell activity | postoperative pain score and side effects | NK cell activity | NK cell activities | plasma adrenaline | noradrenaline concentrations | plasma cortisol levels | pain score
10912743,"Effects of low-dose aspirin on clinic and ambulatory blood pressure in treated hypertensive patients . Collaborative Group of the Primary Prevention Project ( PPP ) -- Hypertension study . Nonsteroidal antiinflammatory drugs may affect blood pressure ( BP ) control in hypertensive patients receiving drug treatment , but data on the effects of low-dose aspirin are scanty . This study assessed the e ...",hypertensive patients | hypertensive | hypertensives | 142 | 76 men | 66 women | 71,aspirin | vitamin E,clinic | blood pressure ( BP ) | clinic SBP and DBP | Ambulatory SBP and DBP | BP,treated hypertensive patients . | hypertensive patients receiving drug treatment | people with one or more cardiovascular risk factors . | hypertension | 142 hypertensive | 76 men | 66 women | mean age 59 +/- 5.9 years | treated with different antihypertensive drugs,aspirin | aspirin | aspirin | aspirin | vitamin E | aspirin | aspirin | aspirin | aspirin | aspirin,clinic and ambulatory blood pressure | blood pressure ( BP ) control | clinic and ambulatory systolic ( SBP ) and diastolic ( DBP ) BP | clinic BP | 24-h ambulatory BP monitoring | clinic SBP and DBP | Ambulatory SBP and DBP | BP
10934569,"Randomized trial of intensive early intervention for children with pervasive developmental disorder . Young children with pervasive developmental disorder were randomly assigned to intensive treatment or parent training . The intensive treatment group ( 7 with autism , 8 with pervasive developmental disorder not otherwise specified -- NOS ) averaged 24.52 hours per week of individual treatment for ...",children | pervasive developmental disorder | Young children | 7 | autism | 8,intensive early intervention | intensive treatment | parent training,"intelligence , visual-spatial skills , language , and academics | adaptive functioning or behavior problems",children | pervasive developmental disorder | Young children | pervasive developmental disorder | 7 | autism | 8 | pervasive developmental disorder not otherwise specified -- NOS | 7 with autism | 6 with pervasive developmental disorder NOS | Children | pervasive developmental disorder,intensive early intervention | intensive treatment | parent training . | intensive treatment | parent training | parent training . | intensive treatment | parent training,intelligence | visual-spatial skills | language | academics | adaptive functioning | behavior problems .
10940525,"Efficacy and safety of selamectin against fleas and heartworms in dogs and cats presented as veterinary patients in North America . A series of randomized , controlled , masked field studies was conducted to assess the efficacy and safety of selamectin in the treatment of flea infestations on dogs and cats , and in the prevention of heartworm infection in dogs . In addition , observations were mad ...",dogs | 397,selamectin | positive-control | fenthion | pyrethrins | selamectin-treated,Efficacy and safety | Flea burdens | flea comb counts | mean flea counts,"dogs and cats presented as veterinary patients in North America . | dogs and cats | dogs and cats showing signs of flea allergy dermatitis ( FAD ) . | Dogs and cats with naturally occurring flea infestations , some of which also had signs associated with FAD | 220 dogs , 189 cats | dogs and cats diagnosed clinically with FAD . | 397 dogs free of adult heartworm infection from four heartworm-endemic areas of the USA | 673 dogs and 347 cats | 19 purebred or crossbred Collies ( Bearded , Border , and unspecified ) . | dogs and cats | dogs and cats .",selamectin | selamectin | selamectin | selamectin | selamectin | fenthion | pyrethrins | Selamectin | selamectin-treated | Selamectin | selamectin | ivermectin | Selamectin | Selamectin | selamectin | Selamectin,Efficacy | safety | efficacy | safety | flea comb counts | clinical evaluations of FAD | mean flea counts | mean flea counts | mean flea counts | mean flea counts | heartworm prevention rate | adverse events . | effective | signs associated with FAD . | heartworms | safe
11099086,"Oral ciprofloxacin vs. intramuscular ceftriaxone as empiric treatment of acute invasive diarrhea in children . BACKGROUND Acute invasive diarrhea is a potentially serious condition in children . Because of the increasing resistance of enteric pathogens to commonly used oral antibiotics , intramuscular ceftriaxone has become the routine drug in the treatment of acute invasive diarrhea requiring an  ...",children | infants | 201 | acute invasive diarrhea,Oral | ciprofloxacin | intramuscular ceftriaxone | ciprofloxacin suspension | im ceftriaxone | ceftriaxone,efficacy and safety | Stool | Clinical response and safety | Overall bacteriologic eradication | Clinical cure or improvement | Serum ciprofloxacin values,acute invasive diarrhea | children | children . | acute invasive diarrhea | infants and children | 201 | children ages 6 months to 10 years ( 35 % < 1 year ; 70 % < 3 years ) presenting with acute invasive diarrhea at the Pediatric Emergency Room | ambulatory pediatric patients requiring an emergency room visit .,ciprofloxacin | ceftriaxone | ceftriaxone | ciprofloxacin | ciprofloxacin | ceftriaxone | ciprofloxacin | ceftriaxone | ciprofloxacin | ciprofloxacin | ceftriaxone | ciprofloxacin | ceftriaxone,"efficacy | safety | Stool cultures for Shigella , Salmonella , Campylobacter spp . and diarrheagenic Escherichia coli | Clinical response and safety | Clinical cure or improvement | adverse events | Joint examination | safe | effective"
11229858,"Effect of antipyretic drugs in children with malaria . A comparison of different antipyretics in children with malaria showed a small effect of naproxen , but not of metamizol , on the reduction of fever peaks . Antipyretic treatment had no effect on fever clearance and therefore should be used cautiously in the treatment of malaria .",children | malaria,antipyretic drugs | antipyretics | naproxen | metamizol | Antipyretic treatment,fever peaks | fever clearance,children | malaria | children | malaria | malaria .,antipyretic drugs | antipyretics | naproxen | metamizol | Antipyretic,reduction of fever peaks . | fever clearance
1131298,"Effect of the essential oils of garlic and onion on alimentary hyperlipemia . SUMMARY The effect of garlic and onion on alimentary hyperlipemia , induced by feeding 100 g butter , has been studied in 10 healthy subjects . The freshly extracted juice of 50 g of garlic or onion , as well as an equivalent amount of their ether-extracted essential oils , was administered randomly on four different day ...",10 healthy,garlic and onion | ether-extracted essential oils | Garlic | onion,alimentary | serum cholesterol and plasma fibrinogen | decreases in coagulation time and fibrinolytic activity,10 healthy subjects,essential oils of garlic and onion | garlic and onion | garlic or onion | essential oils | Garlic and onion | garlic | onion . | garlic and onion,serum cholesterol and plasma fibrinogen | coagulation time | fibrinolytic activity . | effects
11317090,Economic evaluation of aquatic exercise for persons with osteoarthritis . OBJECTIVES To estimate cost and outcomes of the Arthritis Foundation aquatic exercise classes from the societal perspective . DESIGN Randomized trial of 20-week aquatic classes . Cost per quality-adjusted life year ( QALY ) gained was estimated using trial data . Sample size was based on 80 % power to reject the null hypothe ...,persons | osteoarthritis | 249 adults | 55 to 75,aquatic exercise | Arthritis | aquatic classes,Cost | Quality of Well-Being Scale ( QWB ) | Current Health Desirability Rating ( CHDR ) | arthritis-specific Health Assessment Questionnaire ( HAQ ) | Center for Epidemiologic Studies-Depression Scale ( CES-D ) | Perceived Quality of Life Scale ( PQOL ) | costs/QALY | health-related quality of life,persons with osteoarthritis . | 249 adults from Washington State aged 55 to 75 | doctor-confirmed diagnosis of osteoarthritis,aquatic exercise | aquatic exercise classes | aquatic classes . | aquatic classes . | Aquatic exercisers | Aquatic exercise | aquatic exercise .,"Economic evaluation | cost | outcomes | Cost per quality-adjusted life year ( QALY ) | cost/QALY | Quality of Well-Being Scale ( QWB ) | Current Health Desirability Rating ( CHDR ) | arthritis-specific Health Assessment Questionnaire ( HAQ ) , Center for Epidemiologic Studies-Depression Scale ( CES-D ) | Perceived Quality of Life Scale ( PQOL ) | QALYs . Use of health care facilities | Medicare reimbursement rates | costs/QALY ratios | ( QWB ) | ( CHDR , HAQ , PQOL ) | Costs/QALY | QWB | CHRD . | QALY"
11381289,"Why were the results of the Heart Outcomes Prevention Evaluation ( HOPE ) trial so astounding ? The Heart Outcomes Prevention Evaluation ( HOPE ) study was important because it showed the benefits of ramipril - an angiotensin-converting enzyme ( ACE ) inhibitor - in patients at high risk for cardiovascular events . Treatment with ramipril significantly reduced the rates of death , myocardial infar ...",Not Found,ramipril | vitamin E | ACE inhibitor therapy,"rates of death | myocardial infarction , stroke | cardiac arrest and heart failure | risk of diabetes-related complications | blood pressure",patients at high risk for cardiovascular events .,ramipril | angiotensin-converting enzyme ( ACE ) inhibitor | ramipril | vitamin E | ACE inhibitor,"rates of death , myocardial infarction , stroke , coronary revascularization , cardiac arrest and heart failure | risk of diabetes-related complications and of diabetes itself ."
11401641,"Additive IOP-reducing effect of latanoprost in patients insufficiently controlled on timolol . PURPOSE To evaluate the effect on intraocular pressure ( IOP ) of switching from timolol to latanoprost or adding latanoprost to timolol in patients with open angle glaucoma or ocular hypertension where IOP is not adequately controlled with timolol . METHODS This was a 6-week , double-masked , randomised ...",open angle glaucoma | 53 | primary open angle glaucoma | capsular glaucoma | ocular hypertension,latanoprost | timolol | timolol to | latanoprost to | timolol to latanoprost | latanoprost in addition to,intraocular pressure ( IOP ) | efficacy | IOP,"patients insufficiently controlled on timolol . | patients with open angle glaucoma or ocular hypertension where IOP is not adequately controlled with timolol . | 53 patients with primary open angle glaucoma , capsular glaucoma , or ocular hypertension with an IOP of at least 21 mmHg on current therapy",timolol | latanoprost | latanoprost | timolol | timolol | timolol | timolol | latanoprost | latanoprost | timolol .,IOP-reducing | intraocular pressure ( IOP ) | IOP | IOP | IOP | IOP | IOP | IOP
11454878,"Recurrent epithelial ovarian carcinoma : a randomized phase III study of pegylated liposomal doxorubicin versus topotecan . PURPOSE To compare the efficacy and safety of pegylated liposomal doxorubicin ( PLD ) and topotecan in patients with epithelial ovarian carcinoma that recurred after or did n't respond to first-line , platinum-based chemotherapy . PATIENTS AND METHODS Patients with measurable ...",Recurrent epithelial ovarian carcinoma | epithelial ovarian carcinoma | 474 | 239,pegylated liposomal doxorubicin | topotecan | pegylated liposomal doxorubicin ( PLD ) | platinum-based | PLD,efficacy and safety | overall progression-free survival rates | overall response rates | Median overall survival times | progression-free survival | overall survival | Severe hematologic toxicity | efficacy,"patients with epithelial ovarian carcinoma that recurred after or did n't respond to first-line , platinum-based chemotherapy . | Patients with measurable and assessable disease | 474",pegylated liposomal doxorubicin | topotecan . | pegylated liposomal doxorubicin ( PLD ) | topotecan | PLD | topotecan | PLD | topotecan | PLD | topotecan | PLD | topotecan | PLD | PLD | topotecan . | PLD | topotecan | topotecan | topotecan | PLD,efficacy | safety | overall progression-free survival rates | overall response rates | Median overall survival times | overall survival | Severe hematologic toxicity | efficacy | safety
11495215,"Oral contraceptive use is associated with increased cardiovascular reactivity in nonsmokers . Women who smoke and take oral contraceptives ( OCs ) have significantly increased risk of cardiovascular disease , but the exact mechanismsfor the increased risk are not known . Cardiovascular reactivity to psychological stress may be one mechanism for the enhanced risk , but the small number of studies e ...",nonsmokers | Women | Sixty healthy women,Oral contraceptive | oral | OC | OCs | nicotine deprivation | administration of | nicotine gum | nicotine,"cardiovascular reactivity | cardiovascular and lipid reactivity | Heart rate , blood pressure | smoking status | heart rate and | diastolic blood pressure reactivity to stress | cardiovascular or lipid stress reactivity","Sixty healthy women , half of whom had been using OCs for at least the previous 6 months | two thirds were smokers | One third were nonsmokers .",Oral contraceptive | oral contraceptives ( OCs ) | nicotine | nicotine | OC | nicotine | OC | nicotine | nicotine | OC,"cardiovascular reactivity | cardiovascular and lipid reactivity . | Heart rate , blood pressure , and lipid measures | heart rate and diastolic blood pressure reactivity | cardiovascular or lipid stress reactivity | cardiovascular reactivity"
11642083,"[ Neoton and thrombolytic therapy of myocardial infarction ] . AIM To evaluate neoton therapy effects in acute myocardial infarction ( MI ) on systolic function of the left ventricle , arrhythmia and clinical symptoms in patients on thrombolytic therapy ( TLT ) . MATERIAL AND METHODS 106 males with Q-MI entered the study . 47 received treatment without TLT and neoton , 30 patients received TLT wit ...",myocardial infarction | 106 males | Q-MI,Neoton | thrombolytic therapy | neoton therapy | thrombolytic therapy ( TLT ) | TLT | TLT with streptokinase preparations | streptokinase preparations and,systolic function of the left ventricle | Left ventricular systolic function | arrhythmia | progression of left ventricular dilation | end systolic and diastolic volumes of the left ventricle | Antiarrhythmic action | left ventricular systolic dysfunction,myocardial infarction | patients on thrombolytic therapy ( TLT ) . | 106 males | Q-MI,Neoton | thrombolytic therapy | neoton | thrombolytic therapy ( TLT ) | TLT | neoton | TLT | streptokinase | streptokinase preparations | neoton . | neoton | neoton | Neoton,"systolic function of the left ventricle , arrhythmia and clinical symptoms | Left ventricular systolic function | arrhythmia | systolic and diastolic volumes | left ventricular systolic dysfunction"
11737955,Antioxidant supplementation and exercise-induced oxidative stress in the 60-year-old as measured by antipyrine hydroxylates . The effects of 12 weeks of antioxidant supplementation on exercise-induced oxidative stress were investigated in older adults ( 60 ( SE 1 ) years ; BMI 26 ( SE 1 ) kg/m ( 2 ) ) . Subjects were randomly divided in two groups : supplementation ( n 11 ) with 100 mg dl-alpha-to ...,60-year-old | older adults | 60 (,Antioxidant supplementation | antipyrine | 100 mg dl-alpha-tocopheryl acetate | ascorbic acid | placebo | antioxidant,plasma concentrations of alpha-tocopherol and beta-carotene | exercise-induced | ratios para- and ortho-hydroxyantipyrine to antipyrine | exercise-induced increase | thiobarbituric acid reactive substances in plasma,the 60-year-old | older adults ( 60 ( SE 1 ) years ; BMI 26 ( SE 1 ) kg/m ( 2 ) ) | 60-year-old subjects,Antioxidant supplementation | antipyrine | antioxidant supplementation | dl-alpha-tocopheryl acetate | ascorbic acid | beta-carotene | placebo | Antipyrine | antioxidant supplementation,para- and ortho-hydroxyantipyrine to antipyrine . | thiobarbituric acid reactive substances in plasma . | free radical products of antipyrine .
11750293,"The course of depression in recent onset rheumatoid arthritis : the predictive role of disability , illness perceptions , pain and coping . BACKGROUND This study aimed to investigate the course of depression for patients with recently diagnosed rheumatoid arthritis ( RA ) and to investigate predictors of depression . METHODS Twenty-two patients with a history of recently diagnosed RA of less than  ...",recent onset rheumatoid arthritis | Twenty-two | 22,standard outpatient clinic treatment,depressed | depression | initial level of depression | disability | pain | beliefs about the consequences of arthritis | coping strategies,recent onset rheumatoid arthritis : | patients with recently diagnosed rheumatoid arthritis ( RA ) | Twenty-two patients with a history of recently diagnosed RA of less than 2 years | 22 patients,standard outpatient clinic treatment,"disability | illness perceptions | pain | coping | depression . | clinical outcome and process measures | predict depression | depression , disability , pain , beliefs about the consequences of arthritis and coping strategies ."
11829043,"A pilot study on the effect of progressive muscle relaxation training of patients after stoma surgery . Eighteen patients who had undergone stoma surgery were assessed with respect to their anxiety level and self-reported quality of life ( QoL ) on three occasions ; namely , immediately after surgery , 5 weeks after surgery , and 10 weeks after surgery . The patients were randomised into a control ...",stoma surgery | Eighteen,progressive muscle relaxation training | control | audiotaped instructions on | progressive muscle relaxation training ( PMRT ) | PMRT,anxiety level | self-reported quality of life ( QoL ) | Chinese State-Trait Anxiety Inventory ( C-STAI ) | Quality of Life Index for Colostomy ( QoL-Colostomy ) | Hong Kong Chinese version of the World Health Organisation Quality of Life Scale ( WHOQoL ) | C-STAI score | WHOQoL score | WHOQoL | physical health/independence | general perception of QoL | quality of life | state anxiety,patients after stoma surgery . Eighteen patients who had undergone stoma surgery | patients after stoma surgery .,progressive muscle relaxation training | progressive muscle relaxation training ( PMRT ) | PMRT,"anxiety level and self-reported quality of life ( QoL ) | Chinese State-Trait Anxiety Inventory ( C-STAI ) , the Quality of Life Index for Colostomy ( QoL-Colostomy ) and the Hong Kong Chinese version of the World Health Organisation Quality of Life Scale ( WHOQoL ) . | C-STAI score | WHOQoL score | WHOQoL | QoL | QoL-Colostomy | quality of life | anxiety"
11891832,Comparison of weakness progression in inclusion body myositis during treatment with methotrexate or placebo . We investigated whether 5 to 20mg per week oral methotrexate could slow down disease progression in 44 patients with inclusion body myositis in a randomized double-blind placebo-controlled study over 48 weeks . Mean change of quantitative muscle strength testing sum scores was the primary  ...,inclusion body myositis | 44,methotrexate | placebo | oral | placebo-controlled,weakness | Mean change of quantitative muscle strength testing sum scores | Quantitative muscle strength testing sum scores | manual muscle testing sum scores | activity scale scores | patients ' own assessments | Serum creatine kinase activity | progression of muscle weakness,inclusion body myositis | 44 patients with inclusion body myositis,methotrexate | placebo . | methotrexate | methotrexate | placebo | methotrexate | methotrexate,"weakness progression | disease progression | Mean change of quantitative muscle strength testing sum scores | Quantitative muscle strength testing sum scores | manual muscle testing sum scores , activity scale scores and patients ' own assessments | Serum creatine kinase activity | progression of muscle weakness | serum creatine kinase activity ."
12139812,"[ Limbal epithelial autograft transplantation in treatment of pterygium ] . OBJECTIVE To observe the therapeutic effects of limbal epithelial autograft transplantation and pterygium excision in the treatment of pterygium . METHODS A prospective randomized paired-eye trial was studied . There were 208 patients ( 229 eyes ) with initial pterygium , and they were allocated to two groups : excision of ...",pterygium | 208 | 229,Limbal epithelial autograft transplantation | pterygium excision | excision of pterygium with limbal epithelial autograft transplantation surgery | simple pterygium excision,corneal transparency,pterygium | pterygium . | 208 patients | initial pterygium,[ Limbal epithelial autograft transplantation | limbal epithelial autograft transplantation | pterygium excision | excision of pterygium | limbal epithelial autograft transplantation surgery | simple pterygium excision | limbal epithelial autograft transplantation,epithelial healing | abnormal proliferation of pterygium-like tissue .
12477021,"Clinical performance of the Reichert AT550 : a new non-contact tonometer . The aim of the present study was to assess the level of accuracy for measurements of intra-ocular pressure ( IOP ) obtained with a new non-contact tonometer ( NCT ) the Reichert AT550 . Measurements were compared against those obtained with the Reichert Xpert Plus , Goldmann applanation tonometer and Perkins tonometer . Thi ...",Thirty-five,Reichert AT550 | non-contact tonometer ( NCT ) | Reichert Xpert Plus | Goldmann applanation tonometer | Perkins tonometer | non-contact tonometry | contact | Goldmann,intra-ocular pressure ( IOP ),Thirty-five university students were assessed,Reichert AT550 : | Reichert AT550 . | Reichert Xpert Plus | Goldmann applanation tonometer | Perkins tonometer . | AT550 NCT | Goldmann tonometer | AT550 NCT | Goldmann tonometry,Clinical performance | level of accuracy | measurements | IOP
12576806,Is a 2-week duration sufficient for stenting in endopyelotomy ? PURPOSE Internal stenting is an integral part of endopyelotomy . Studies in animals show good healing after 1 to 2 weeks of ureterotomy . Inherent stent related problems warrant a minimum possible duration of stenting without compromising the results of endopyelotomy . We performed a prospective randomized trial to evaluate the optimu ...,57 | primary ureteropelvic junction obstruction,stenting | Internal stenting | 7/14Fr | internal endopyelotomy stent placement | diuretic | diuretic renography,symptom based | drainage pattern | Stent related symptoms | urinary tract infections | stent related complications,57 | patients with primary ureteropelvic junction obstruction,stenting | Internal stenting | stenting | 7/14Fr internal endopyelotomy stent placement,optimum duration of stenting | symptoms | ipsilateral glomerular filtration rate . | drainage pattern . | Stent related symptoms | urinary tract infections | duration | stent related complications .
12586799,Phase III study of concurrent chemoradiotherapy versus radiotherapy alone for advanced nasopharyngeal carcinoma : positive effect on overall and progression-free survival . PURPOSE Nasopharyngeal carcinoma ( NPC ) is a radiosensitive and chemosensitive tumor . This randomized phase III trial compared concurrent chemoradiotherapy ( CCRT ) versus radiotherapy ( RT ) alone in patients with advanced N ...,advanced nasopharyngeal carcinoma | advanced NPC | 284,concurrent chemoradiotherapy | radiotherapy alone | concurrent chemoradiotherapy ( CCRT ) | radiotherapy ( RT ) alone | RT | concurrent chemotherapy | CCRT | RT-alone | RT-only,overall | Survival | tumor relapse | 5-year overall survival rates | 5-year progression-free survival rates | toxicity | leukopenia and emesis | treatment-related deaths,advanced nasopharyngeal carcinoma : | patients with advanced NPC . | From December 1993 to April 1999 | 284 patients with 1992 American Joint Committee on Cancer stage III to IV ( M0 ) NPC | patients with advanced NPC,concurrent chemoradiotherapy | radiotherapy | concurrent chemoradiotherapy ( CCRT ) | radiotherapy ( RT ) | chemotherapy | cisplatin | fluorouracil | CCRT | RT-alone | CCRT | RT-only | CCRT | RT-only | CCRT | CCRT | RT,overall and progression-free survival . | Survival analysis | tumor relapse | 5-year overall survival rates | 5-year progression-free survival rates | toxicity | leukopenia | emesis | treatment-related deaths
12595499,"Development of renal disease in people at high cardiovascular risk : results of the HOPE randomized study . In people with diabetes , renal disease tends to progress from microalbuminuria to clinical proteinuria to renal insufficiency . Little evidence has been published for the nondiabetic population . This study retrospectively analyzed changes of proteinuria over 4.5 yr in the HOPE ( Heart Outc ...",diabetes | 9297 | 3577 | 1956 | microalbuminuria | 7674,ramipril 's | placebo | Ramipril,renal | clinical proteinuria | progression of albuminuria | microalbuminuria | albuminuria,people at high cardiovascular risk | people with diabetes | 7674 participants with albuminuria data at baseline and at follow-up | nondiabetic and in diabetic people .,ramipril 's | placebo | Ramipril | Ramipril,clinical proteinuria | progression of albuminuria | microalbuminuria | clinical proteinuria . | progression | albuminuria . | progression of albuminuria .
12709693,"Conscious analgesia/sedation with remifentanil and propofol versus total intravenous anesthesia with fentanyl , midazolam , and propofol for outpatient colonoscopy . BACKGROUND This study tested the hypothesis that , for colonoscopy , analgesia/sedation with remifentanil and propofol might be more effective compared with anesthesia by intravenous administration of midazolam , fentanyl , and propof ...",outpatient colonoscopy | 100 adult | 50,remifentanil | propofol | total intravenous anesthesia | fentanyl | midazolam | conscious analgesia/sedation ( Sedation | total intravenous anesthesia ( TIVA,Cardiorespiratory parameters | Numerical Pain Rating Scale ( NRS ) | recovery level | colonoscopy painless | average pain intensity score | mean arterial pressure | analgesia,outpatient colonoscopy . | 100 adult patients,remifentanil | propofol | fentanyl | midazolam | propofol | remifentanil | propofol | midazolam | fentanyl | propofol | remifentanil | propofol | fentanyl | midazolam | propofol | remifentanil | propofol,Cardiorespiratory parameters | bispectral index | Numerical Pain Rating Scale ( NRS ) | recovery level | return of psychomotor efficiency | Aldrete scale | Modified Post Anesthesia Discharge Scoring ( MPADS ) system | pain intensity score | maximum MPADS score | mean arterial pressure and heart rate and signs of respiratory depression | analgesia | hemodynamic stability | respiratory depression | rapid recovery
1286547,"Reduced platelet thromboxane formation after long-term administration of a dihydropyridine calcium channel blocker : a prospective , double-blind , placebo-controlled study with nitrendipine in borderline hypertensive patients with IDDM-type diabetes mellitus . Twenty-nine IDDM patients with borderline hypertension were randomly allocated to placebo or nitrendipine treatment . Nitrendipine was giv ...",borderline hypertensive | IDDM-type diabetes mellitus | Twenty-nine | borderline hypertension,dihydropyridine calcium channel blocker | placebo-controlled | nitrendipine | placebo,platelet thromboxane formation | Stimulated platelet thromboxane formation | plasma levels of platelet factor 4 | aggregation responses to collagen | thromboxane formation | Exercise | PF4 plasma levels | Whole blood aggregation,borderline hypertensive patients with IDDM-type diabetes mellitus . Twenty-nine IDDM patients with borderline hypertension | diabetic patients with borderline hypertension .,dihydropyridine calcium channel blocker | nitrendipine | placebo | nitrendipine | Nitrendipine | placebo | nitrendipine | nitrendipine | nitrendipine,platelet thromboxane formation | Stimulated platelet thromboxane formation | plasma levels of platelet factor 4 and aggregation responses to collagen and ADP | thromboxane formation | Exercise induced change of thromboxane synthesis | PF4 plasma levels | Whole blood aggregation after collagen stimulation | aggregation | collagen dependent platelet activation
12960652,"Gastric dysrhythmia in infants with gastrointestinal diseases measured by epigastric impedance . BACKGROUND Gastrointestinal symptoms have been reported in association with myoelectrical dysrhythmia , where different types of gastric electrical activity have been described . These types of gastric myoelectrical activity and dysrhythmia can be measured by electrogastrography using cutaneous electro ...",infants | gastrointestinal diseases | 21 | 40 healthy infants | partial or total intestinal obstruction,epigastric impedance | impedance gastrography,Gastric | pathologic | persistent phasic activity pattern | Short-term phasic activity | gastric phasic activity,"infants | gastrointestinal diseases | infants with different gastrointestinal diseases | 21 patients | age 0-2 months | 40 healthy infants | age 0-2 months | patients suffered from partial or total intestinal obstruction , necrotizing enterocolitis or pyloric stenosis.All infants were fasting",epigastric impedance | Epigastric impedance | epigastric impedance | epigastric impedance,epigastric impedance | phasic activity | frequency phasic activity | phasic activity
1459268,Prospective study of short and ultrashort regimens of gonadotropin-releasing hormone agonist in an in vitro fertilization program . OBJECTIVE To assess the usefulness of the ultrashort regimen of gonadotropin-releasing hormone agonist ( GnRH-a ) in ovulation induction in an in vitro fertilization ( IVF ) program . DESIGN A prospective randomized trial comparing short and ultrashort regimens of GnR ...,Forty-eight,gonadotropin-releasing hormone agonist | ultrashort regimen of gonadotropin-releasing hormone agonist ( GnRH-a ) | short | GnRH-a,"Response to ovarian stimulation | occurrence of spontaneous luteinizing hormone ( LH ) surges | ovulation induction , | fertilization , and | pregnancy rates | LH surge",in vitro fertilization ( IVF ) | Forty-eight patients having IVF for the first time | undergoing IVF,gonadotropin-releasing hormone agonist | gonadotropin-releasing hormone agonist ( GnRH-a ) | GnRH-a .,"usefulness | Response to ovarian stimulation and occurrence of spontaneous luteinizing hormone ( LH ) surges . | ovulation induction , fertilization , and pregnancy rates | LH surge ."
14679127,"Long-term survival in a phase III , randomised study of topotecan versus paclitaxel in advanced epithelial ovarian carcinoma . BACKGROUND We have continued to monitor the survival of patients randomised in a previously reported multicentre phase III study of topotecan versus paclitaxel in patients with advanced epithelial ovarian cancer who had failed one prior platinum-based regimen . PATIENTS AN ...",advanced epithelial ovarian carcinoma | advanced epithelial ovarian cancer | 226,topotecan | paclitaxel,pain | nausea and vomiting | dyspnea | EORTC QOL-30 questionnaire | median time to progression | median survival | efficacy | survival | Non-haematological toxicity | long-term survival,advanced epithelial ovarian carcinoma . | patients with advanced epithelial ovarian cancer who had failed one prior platinum-based regimen . | Patients with bidimensionally measurable disease | 226 | ovarian cancer .,topotecan | paclitaxel | topotecan | paclitaxel | topotecan | paclitaxel | topotecan | paclitaxel | topotecan | paclitaxel | Topotecan | paclitaxel | topotecan,European Organisation for Research and Treatment of Cancer Quality of Life ( EORTC QOL ) -C30 questionnaire | pain | anorexia | diarrhoea | fatigue | nausea | vomiting | dyspnea | constipation | insomnia | progression | median survival | efficacy | survival | haematological toxicity . Non-haematological toxicity
14739125,"Raising high-density lipoprotein in humans through inhibition of cholesteryl ester transfer protein : an initial multidose study of torcetrapib . OBJECTIVE The ability of the potent cholesteryl ester transfer protein ( CETP ) inhibitor torcetrapib ( CP-529,414 ) to raise high-density lipoprotein cholesterol ( HDL-C ) levels in healthy young subjects was tested in this initial phase 1 multidose stu ...",Five | 8,"torcetrapib | cholesteryl ester transfer | torcetrapib ( CP-529,414 | placebo",high-density | high-density lipoprotein cholesterol ( HDL-C ) levels | tolerated | plasma drug levels | CETP inhibition | HDL-C | Total plasma cholesterol | nonHDL-C | low-density lipoprotein cholesterol | Apolipoprotein A-I and E | apoB | Cholesteryl ester content | triglyceride,healthy young | Five groups of 8 subjects each,torcetrapib . | cholesteryl ester transfer protein ( CETP ) inhibitor torcetrapib | placebo | torcetrapib | Torcetrapib,plasma drug levels | Total plasma cholesterol | nonHDL-C | low-density lipoprotein cholesterol | Apolipoprotein A-I and E | apoB | Cholesteryl ester content | triglyceride
14763035,"A selective angiotensin receptor antagonist , Valsartan , produced regression of left ventricular hypertrophy associated with a reduction of arterial stiffness . We investigated whether a selective angiotensin II receptor blocker ( ARB ) would have a regressive effect on left ventricular hypertrophy ( LVH ) in patients on continuous ambulatory peritoneal dialysis ( CAPD ) . In a double-blind study ...",24 | LVH,selective angiotensin receptor antagonist | Valsartan | selective angiotensin II receptor blocker ( ARB ) | ARB valsartan | placebo | ARB,left | aortic and large-artery compliance | arterial wave reflections [ pulse wave velocity ( PWV ) and augmentation index ( AI ) application tonometry ] | cardiac echocardiography | body weight | BP ( mercury sphygmomanometer ) | serum creatinine | complete blood cell counts | urine volume | weekly creatinine clearance | Systolic and diastolic BP | LVMi | PWV,left ventricular hypertrophy | patients on continuous ambulatory peritoneal dialysis ( CAPD ) . | 24 CAPD patients with LVH [ left ventricular mass index ( LVMi ) > 110 g/m2 for women | LVMi > 137 g/m2 for men,Valsartan | selective angiotensin II receptor blocker ( ARB ) | ARB valsartan | placebo | ARB . | ARB | placebo | ARB,"blood pressure ( BP ) | aortic and large-artery compliance | arterial wave reflections [ pulse wave velocity ( PWV ) | augmentation index ( AI ) application tonometry ] | cardiac echocardiography . | body weight , BP ( mercury sphygmomanometer ) , serum creatinine , electrolytes , complete blood cell counts , urine volume , drainage volume , and weekly creatinine clearance . | Systolic and diastolic BP | LVMi | LVMi | PWV | AI | LVMi"
15014018,"A pooled analysis of eastern cooperative oncology group and intergroup trials of adjuvant high-dose interferon for melanoma . PURPOSE Nearly 2000 patients with stage IIB and III melanoma have participated in four multicenter , randomized trials , conducted by the Eastern Cooperative Oncology Group and the Intergroup , investigating adjuvant high-dose IFN-alpha 2b therapy . The objectives of this s ...",melanoma | 713,adjuvant high-dose interferon | adjuvant high-dose IFN-alpha 2b therapy | high-dose IFN-alpha 2b ( HDI ) | Obs | HDI,relapse-free survival ( RFS ) -but | overall survival ( OS ) | RFS | ulceration | recurrent disease at entry,Nearly 2000 patients with stage IIB and III melanoma | patients with high-risk resected melanoma,interferon | IFN-alpha 2b | IFN-alpha 2b ( HDI ) | Obs | HDI | Obs | HDI | Obs,relapse-free survival ( RFS ) | overall survival ( OS ) | RFS | OS | RFS | OS
15133359,A randomized comparison of alternative techniques to achieve coronary sinus cannulation during biventricular implantation procedures . INTRODUCTION Biventricular pacing system implantation is a time-consuming and challenging procedure . A critical step in biventricular pacemaker implantation is coronary sinus ( CS ) cannulation . CS cannulation can be achieved either using dedicated guiding cathet ...,biventricular implantation procedures | Thirty-four,EPA | GCA | CS cannulation strategy,CS cannulation time | Time to successful catheterization of CS | Fluoroscopy time | Total contrast dye volume to search and engage the CS ostium | procedural time | contrast dye volume,biventricular implantation | Thirty-four consecutive patients,catheters | guiding catheter alone | GCA | electrophysiology catheter advanced | electrophysiology catheter aided | EPA | GCA | GCA | EPA | EPA | GCA | EPA | GCA | EPA | GCA,"CS cannulation time | Time to successful catheterization of CS | Fluoroscopy time | contrast dye volume | procedural time , fluoroscopy time | contrast dye volume"
15193668,Combined descriptive and explanatory information improves peers ' perceptions of autism . Authors examined the combined effects of descriptive and explanatory information on peers ' perceptions and behavioral intentions toward an unfamiliar child with autism . Children ( N = 576 ; M age = 10.06 ) were randomly assigned to view two videotapes of a boy engaging in typical and autistic behaviors rece ...,autism | Children | 576,Combined | descriptive and explanatory information | descriptive ( AUT-D ) or | descriptive and explanatory information ( AUT-D + E ) | descriptive and,attitudes | behavioral intentions | third- and fourth-graders ' | academic intentions,peers | peers | child with autism . Children | 576 | M age = 10.06 | children 's,descriptive ( AUT-D ) | descriptive and explanatory information ( AUT-D + E ) . | descriptive and explanatory information,peers ' perceptions | peers ' perceptions | behavioral intentions | ( Adjective Checklist ) | ( Shared Activities Questionnaire ) | children 's attitudes | behavioral intentions
15358868,"Superior visual search in adults with autism . Recent studies have suggested that children with autism perform better than matched controls on visual search tasks and that this stems from a superior visual discrimination ability . This study assessed whether these findings generalize from children to adults with autism . Experiments 1 and 2 showed that , like children , adults with autism were sup ...",adults | autism | children,Not Found,searching for | visual search performance,adults with autism . | adults with autism . | adults with autism,,searching for targets . | visual search performance | visual discrimination ability . | unique item detection
15848261,"[ Postural biofeedback and locomotion reeducation in stroke patients ] . AIMS To compare , in post-acute hemiparetic patients , gait improvement after conventional physical therapy alone or with a specialised balance retraining program . PATIENTS Twenty-six patients within 3 months of onset of stroke were randomised to receive physical therapy ( control group ) or therapy and retraining ( experime ...",stroke | post-acute hemiparetic | Twenty-six | Thirteen,Postural biofeedback | locomotion reeducation | conventional physical therapy alone | specialised balance retraining program | physical therapy ( control | therapy and retraining ( experimental | early conventional therapy | therapy combined with standing balance training by biofeedback ( BPM Monitor ),gait | Gait spatiotemporal parameters | clinical scores | spasticity | time between stroke and the beginning of walking | Gait velocity | walking pattern | duration of the paretic limb single stance | duration of the reception double stance on the paretic limb,stroke patients ] | post-acute hemiparetic patients | Twenty-six patients within 3 months of onset of stroke,conventional physical therapy alone | specialised balance retraining program | physical therapy | therapy and retraining | conventional therapy | therapy | standing balance training by biofeedback ( BPM Monitor ) | conventional therapy .,gait improvement | Gait spatiotemporal parameters | clinical scores | time between stroke and the beginning of walking | Gait velocity | walking pattern | duration of the paretic limb single stance . | duration of the reception double stance on the paretic limb
15854186,"Cophenylcaine spray vs. placebo in flexible nasendoscopy : a prospective double-blind randomised controlled trial . Practices vary across the UK on the use of topical preparation prior to flexible fibreoptic nasendoscopy . In this double-blind study , we randomised 98 patients to receive cophenylcaine or placebo nasal spray before flexible nasendoscopy . A visual analogue scale ( 1-100 ) was used  ...",98,Cophenylcaine spray | placebo | cophenylcaine | placebo nasal spray,visual analogue scale | pain | unpleasantness of taste | overall discomfort | discomfort | pain or | sensation of bad taste | pain experienced,flexible nasendoscopy : | 98 patients | flexible nasendoscopy . | flexible nasendoscopy .,Cophenylcaine | placebo | cophenylcaine | placebo | cophenylcaine | cophenylcaine,"pain , unpleasantness of taste and overall discomfort experienced . | pain and discomfort | pain or overall discomfort | sensation of bad taste | unpleasantness | pain | unpleasantness of taste ."
15858959,"Effects of Saccharomyces boulardii in children with acute diarrhoea . AIM Certain probiotic agents , e.g . Lactobacillus GG , have shown efficacy in clinical trials for the treatment of acute childhood diarrhoea , but few studies have examined the effect of Saccharomyces boulardii . We evaluated the effect of S. boulardii in children with acute diarrhoea . METHODS Two hundred children were randomi ...",children | acute diarrhoea | Two hundred children,Saccharomyces boulardii | S. boulardii | placebo | S.,medians of the average stool frequency | duration of diarrhoea | watery diarrhoea | duration of hospital stay | persisting diarrhoea | duration of acute diarrhoea,children | acute diarrhoea | children with acute diarrhoea . | Two hundred children | acute diarrhoea in children,Saccharomyces boulardii | Saccharomyces boulardii . | S. boulardii | S. boulardii | S. boulardii | placebo | placebo | S. boulardii | placebo | S. boulardii | placebo | S. boulardii | S. boulardii | placebo | placebo | S. boulardii | S. boulardii | S. boulardii,average stool frequency | duration of diarrhoea | duration of hospital stay | duration of acute diarrhoea | duration of hospital stay
16167234,[ Effect of branch chain amino acid enriched formula on postoperative fatigue and nutritional status after digestive surgery ] . OBJECTIVE To evaluate the effect of branch chain amino acid ( BCAA ) enriched formula on nutritional status and postoperative fatigue for digestive surgery patients . METHODS Forty patients who underwent digestive surgery were randomly received parenteral nutrition with  ...,digestive surgery | Forty,branch chain amino acid enriched formula | branch chain amino acid ( BCAA ) enriched formula | parenteral nutrition with either | BCAA enriched | routine amino acid | BCAA enriched formula,"postoperative fatigue | nutritional status | Nitrogen balance | serum total protein , albumin , prealbumin , transferrin | postoperative fatigue score | cumulative postoperative fatigue scores | positive nitrogen balance | cumulative nitrogen balance | serum level of retinol binding protein",after digestive surgery ] | digestive surgery patients . | Forty patients who underwent digestive surgery | digestive surgery patients .,amino acid enriched formula | branch chain amino acid ( BCAA ) enriched formula | BCAA enriched | routine amino acid | BCAA | BCAA-enriched | BCAA enriched formula,"postoperative fatigue | nutritional status | nutritional status | postoperative fatigue | Nitrogen balance , serum total protein , albumin , prealbumin , transferrin , retinol binding protein and postoperative fatigue score | cumulative postoperative fatigue scores | nitrogen balance | cumulative nitrogen balance | serum total protein , albumin , prealbumin , transferrin | serum level of retinol binding protein | postoperative fatigue score | nutritional status"
16295154,"Intervention pilot for parents of children with autistic spectrum disorder . Parents of children who receive the diagnosis of autistic spectrum disorder ( ASD ) experience a situational crisis related to receiving the diagnosis , which causes feelings of distress and urgency to access services for the affected child . This paper describes a randomized trial ( n = 31 ) that was conducted at a regio ...",parents | children | autistic spectrum disorder | autistic spectrum disorder ( ASD ) | 31 | ASD,"post-diagnosis nursing intervention | usual care plus 3 hours contact with a pediatric nurse practitioner ( PNP ) for counseling , instruction , and assistance with implementation of the recommended treatment plan | usual care post-diagnosis , which consisted of","parents | impact of event ( diagnosis ) | use of services | "" | impact of event "" and "" perceived stress """,parents of children | autistic spectrum disorder | Parents of children | diagnosis of autistic spectrum disorder ( ASD ) | parents of children with ASD,"Intervention | nursing intervention | post-diagnosis nursing intervention | usual care | contact with a pediatric nurse practitioner ( PNP ) for counseling , instruction , and assistance with implementation of the recommended treatment plan | usual care | consultation session to receive the results of diagnostic tests and a written copy of the recommended treatment plan","parents ' reports of stress | impact of event ( diagnosis ) | use of services | "" impact of event "" | "" perceived stress """
16427787,"Sleep-anticipating effects of melatonin in the human brain . Melatonin , the hormone produced nocturnally by the pineal gland , is an endogenous regulator of the sleep-wake cycle . The effects of melatonin on brain activities and their relation to induction of sleepiness were studied in a randomized , double-blind , placebo controlled functional magnetic resonance imaging ( fMRI ) study . Melatoni ...",Not Found,melatonin | placebo,Sleep-anticipating | task-related activity | visual-search | fatigue | activation in the left parahippocampus | brain activity,human,melatonin | melatonin | Melatonin | placebo | melatonin | melatonin | melatonin | melatonin,effects | task-related activity | subjective measurements of fatigue . | activation in the left parahippocampus | brain activity | fatigue
16505427,"Phase III study of two different dosing schedules of erythropoietin in anemic patients with cancer . PURPOSE To compare maintenance epoetin alfa administered once every 3 weeks with continued weekly epoetin alfa for patients with cancer-associated anemia . PATIENTS AND METHODS Eligible patients were randomly assigned at enrollment to receive three weekly doses of epoetin alfa 40,000 U subcutaneous ...",anemic patients | cancer | cancer-associated anemia | Three hundred sixty-five | One hundred eighty-three | 182,"erythropoietin | epoetin alfa | epoetin alfa 40,000 | standard weekly epoetin alfa | epoetin",mean end-of-study Hb levels | Toxicities | overall survival | global quality of life ( QOL ) | global QOL | Hb increment,anemic patients with cancer . | patients with cancer-associated anemia . | Three hundred sixty-five patients,erythropoietin | epoetin alfa | epoetin alfa | epoetin alfa | epoetin alfa | epoetin alfa | epoetin alfa | epoetin alfa .,requiring transfusions | hemoglobin ( Hb ) increment | drug dose | Hb | Hb | Toxicities | thromboembolism | overall survival | global quality of life ( QOL ) | global QOL | QOL | transfusion needs | QOL . | Hb increment
1669598,"Local immunotherapy by inhalation of a powder extract in asthma due to house dust mite Dermatophagoides pteronyssinus : a double-blind comparison with parenteral immunotherapy . To verify the efficacy and the tolerability of local immunotherapy ( LI ) by inhalation of a powder extract of house dust mite ( HDM ) , in comparison with parenteral immunotherapy ( PI ) by injection , 10 patients with as ...",asthma | house dust mite Dermatophagoides pteronyssinus | 10,Local immunotherapy | powder extract | parenteral immunotherapy | local immunotherapy ( LI ) | powder extract of house dust mite ( HDM ) | parenteral immunotherapy ( PI ) | LI | subcutaneous injections | placebo | PI | inhalation of lactose | disodium cromoglycate ( DSCG ),efficacy | symptoms score | peak expiratory flow ( PEF ) -derived parameters | bronchial response | bronchial responsiveness to methacholine | immunologic humoral and cellular parameters | local important adverse reactions | systemic side effects,10 patients with asthma due to HDM,immunotherapy | immunotherapy | local immunotherapy | powder extract of house dust mite ( HDM ) | parenteral immunotherapy ( PI ) | placebo | lactose | disodium cromoglycate ( DSCG ),efficacy | tolerability | symptoms score | peak expiratory flow ( PEF ) -derived parameters | bronchial response | bronchial responsiveness | immunologic humoral and cellular parameters in peripheral blood | local important adverse reactions | systemic side effects | systemic side effects .
17293018,"The safety of whey protein concentrate derived from the milk of cows immunized against Clostridium difficile . A whey protein concentrate prepared from the milk of cows that have been immunized against Clostridium difficile ( C. difficile ) and its toxins , toxin A and toxin B , is produced for use as a medical food for the dietary management of patients with C. difficile-associated diarrhea ( CDA ...",C. difficile-associated diarrhea ( CDAD ) | 77,whey protein concentrate | anti-C. difficile whey protein concentrate ( anti-CD WPC ) | anti-CD WPC,safety | adverse event monitoring | safe,patients with C. difficile-associated diarrhea ( CDAD ) | 77 patients with CDAD | patients with CDAD . | individuals with CDAD,whey protein concentrate | whey protein concentrate | immunized against Clostridium difficile ( C. | anti-C. difficile whey protein concentrate ( anti-CD WPC ) | anti-CD WPC | regular whey protein concentrate . | anti-CD WPC | anti-CD WPC | anti-CD WPC,safe | safe
17321989,"The prophylactic effect of itraconazole capsules and fluconazole capsules for systemic fungal infections in patients with acute myeloid leukemia and myelodysplastic syndromes : a Japanese multicenter randomized , controlled study . We performed a randomized , controlled study comparing the prophylactic effects of capsule forms of fluconazole ( n = 110 ) and itraconazole ( n = 108 ) in patients wit ...",acute myeloid leukemia and myelodysplastic syndromes | 110 | acute myeloid leukemia ( AML ) | myelodysplastic syndromes ( MDS ),itraconazole capsules | fluconazole capsules | fluconazole | itraconazole,Adverse events | numbers of cases with probable or possible infections | frequency of infection | tolerated,patients with acute myeloid leukemia and myelodysplastic syndromes : | Japanese | patients with acute myeloid leukemia ( AML ) or myelodysplastic syndromes ( MDS ) during and after chemotherapy . | patients with AML or MDS who received chemotherapy,itraconazole | fluconazole | fluconazole | itraconazole | itraconazole | fluconazole,Adverse events | probable or possible infections | frequency of infection
17616069,"[ Intravenous treatment of postpartum anemia with trivalent ferrum preparation ] . AIM OF THE STUDY To assess the effectivity and safeness of intravenous treatment of pospartal anemia with trivalent ferrum preparation . TYPE OF THE STUDY Prospective randomized study . SETTING Department of Obstetric and Gynecology 2nd Medical Faculty Charles University and Teaching Hospital Motol , Prague , and De ...",postpartum anemia | 50 women | postpartal anemia,trivalent ferrum preparation | sacharose ferric oxide ( Venofer ) | Venofer,serum values of soluble transferrin receptors and ferritin | adverse events,postpartum | Prague | Prague | 50 women | clinical and lab signs of postpartal anemia,trivalent ferrum preparation ] | trivalent ferrum preparation . | sacharose ferric oxide ( Venofer ) | Venofer | trivalent saccharose ferric oxide,effectivity | safeness | values of red blood count | serum values of soluble transferrin receptors and ferritin | iron cell saturation | body iron reserves | adverse events | effective | serious adverse event
