approach,field,precision,recall,f1,coverage
qa_end_to_end,participants,0.8331601874827682,0.35734469850929856,0.4433297651839695,0.96
qa_end_to_end,interventions,0.3212875457875458,0.20457539682539683,0.20923501400560224,0.62
qa_end_to_end,outcomes,0.3123296703296703,0.12123294385886464,0.1566444676067131,0.74
qa_decomposed_2,participants,0.6956083996648513,0.43787710801731217,0.4932378205795849,0.9
qa_decomposed_2,interventions,0.411936507936508,0.342311507936508,0.34359042939042944,0.76
qa_decomposed_2,outcomes,0.4026675123389119,0.3299105536398781,0.3354206892995903,0.8
qa_decomposed_3,participants,0.6580580253080253,0.3661785510794484,0.42254028186156684,0.8
qa_decomposed_3,interventions,0.31387301587301586,0.27223214285714287,0.2693012963012963,0.62
qa_decomposed_3,outcomes,0.4060349593846199,0.3288579220609308,0.33536485107197406,0.78
